-- CUSTOMER DATA
INSERT INTO slicematic.customer VALUES
('00000000-0000-0000-0000-000000000001','First1','Last1','user1@email.com','9876500001','1991-02-15','Male','Bangalore','Karnataka','India','2026-01-02 10:00:00','Email',TRUE,CURRENT_TIMESTAMP),
('00000000-0000-0000-0000-000000000002','First2','Last2','user2@email.com','9876500002','1992-03-15','Female','Chennai','Tamil Nadu','India','2026-01-03 10:00:00','Email',TRUE,CURRENT_TIMESTAMP),
('00000000-0000-0000-0000-000000000003','First3','Last3','user3@email.com','9876500003','1993-04-15','Male','Hyderabad','Telangana','India','2026-01-04 10:00:00','Email',TRUE,CURRENT_TIMESTAMP),
('00000000-0000-0000-0000-000000000004','First4','Last4','user4@email.com','9876500004','1994-05-15','Female','Pune','Maharashtra','India','2026-01-05 10:00:00','Email',TRUE,CURRENT_TIMESTAMP),
('00000000-0000-0000-0000-000000000005','First5','Last5','user5@email.com','9876500005','1995-06-15','Male','Kolkata','West Bengal','India','2026-01-06 10:00:00','Email',TRUE,CURRENT_TIMESTAMP),
('00000000-0000-0000-0000-000000000006','First6','Last6','user6@email.com','9876500006','1996-07-15','Female','Bangalore','Karnataka','India','2026-01-07 10:00:00','Email',TRUE,CURRENT_TIMESTAMP),
('00000000-0000-0000-0000-000000000007','First7','Last7','user7@email.com','9876500007','1997-08-15','Male','Chennai','Tamil Nadu','India','2026-01-08 10:00:00','Email',TRUE,CURRENT_TIMESTAMP),
('00000000-0000-0000-0000-000000000008','First8','Last8','user8@email.com','9876500008','1998-09-15','Female','Hyderabad','Telangana','India','2026-01-09 10:00:00','Email',TRUE,CURRENT_TIMESTAMP),
('00000000-0000-0000-0000-000000000009','First9','Last9','user9@email.com','9876500009','1999-01-15','Male','Pune','Maharashtra','India','2026-01-10 10:00:00','Email',TRUE,CURRENT_TIMESTAMP),
('00000000-0000-0000-0000-000000000010','First10','Last10','user10@email.com','9876500010','1990-02-15','Female','Kolkata','West Bengal','India','2026-01-11 10:00:00','Email',TRUE,CURRENT_TIMESTAMP),
('00000000-0000-0000-0000-000000000011','First11','Last11','user11@email.com','9876500011','1991-03-15','Male','Bangalore','Karnataka','India','2026-01-12 10:00:00','Email',TRUE,CURRENT_TIMESTAMP),
('00000000-0000-0000-0000-000000000012','First12','Last12','user12@email.com','9876500012','1992-04-15','Female','Chennai','Tamil Nadu','India','2026-01-13 10:00:00','Email',TRUE,CURRENT_TIMESTAMP),
('00000000-0000-0000-0000-000000000013','First13','Last13','user13@email.com','9876500013','1993-05-15','Male','Hyderabad','Telangana','India','2026-01-14 10:00:00','Email',TRUE,CURRENT_TIMESTAMP),
('00000000-0000-0000-0000-000000000014','First14','Last14','user14@email.com','9876500014','1994-06-15','Female','Pune','Maharashtra','India','2026-01-15 10:00:00','Email',TRUE,CURRENT_TIMESTAMP),
('00000000-0000-0000-0000-000000000015','First15','Last15','user15@email.com','9876500015','1995-07-15','Male','Kolkata','West Bengal','India','2026-01-16 10:00:00','Email',TRUE,CURRENT_TIMESTAMP),
('00000000-0000-0000-0000-000000000016','First16','Last16','user16@email.com','9876500016','1996-08-15','Female','Bangalore','Karnataka','India','2026-01-17 10:00:00','Email',TRUE,CURRENT_TIMESTAMP),
('00000000-0000-0000-0000-000000000017','First17','Last17','user17@email.com','9876500017','1997-09-15','Male','Chennai','Tamil Nadu','India','2026-01-18 10:00:00','Email',TRUE,CURRENT_TIMESTAMP),
('00000000-0000-0000-0000-000000000018','First18','Last18','user18@email.com','9876500018','1998-01-15','Female','Hyderabad','Telangana','India','2026-01-19 10:00:00','Email',TRUE,CURRENT_TIMESTAMP),
('00000000-0000-0000-0000-000000000019','First19','Last19','user19@email.com','9876500019','1999-02-15','Male','Pune','Maharashtra','India','2026-01-20 10:00:00','Email',TRUE,CURRENT_TIMESTAMP),
('00000000-0000-0000-0000-000000000020','First20','Last20','user20@email.com','9876500020','1990-03-15','Female','Kolkata','West Bengal','India','2026-01-21 10:00:00','Email',TRUE,CURRENT_TIMESTAMP);

-- ORDERS DATA
INSERT INTO slicematic.orders VALUES
('10000000-0000-0000-0000-000000000001','00000000-0000-0000-0000-000000000001','2026-06-02 19:00:00','Delivered','UPI',410,20,18,30,438,'Bangalore','PIZZA20'),
('10000000-0000-0000-0000-000000000002','00000000-0000-0000-0000-000000000002','2026-06-03 19:00:00','Delivered','UPI',420,20,18,30,448,'Bangalore','PIZZA20'),
('10000000-0000-0000-0000-000000000003','00000000-0000-0000-0000-000000000003','2026-06-04 19:00:00','Delivered','UPI',430,20,18,30,458,'Bangalore','PIZZA20'),
('10000000-0000-0000-0000-000000000004','00000000-0000-0000-0000-000000000004','2026-06-05 19:00:00','Delivered','UPI',440,20,18,30,468,'Bangalore','PIZZA20'),
('10000000-0000-0000-0000-000000000005','00000000-0000-0000-0000-000000000005','2026-06-06 19:00:00','Delivered','UPI',450,20,18,30,478,'Bangalore','PIZZA20'),
('10000000-0000-0000-0000-000000000006','00000000-0000-0000-0000-000000000006','2026-06-07 19:00:00','Delivered','UPI',460,20,18,30,488,'Bangalore','PIZZA20'),
('10000000-0000-0000-0000-000000000007','00000000-0000-0000-0000-000000000007','2026-06-08 19:00:00','Delivered','UPI',470,20,18,30,498,'Bangalore','PIZZA20'),
('10000000-0000-0000-0000-000000000008','00000000-0000-0000-0000-000000000008','2026-06-09 19:00:00','Delivered','UPI',480,20,18,30,508,'Bangalore','PIZZA20'),
('10000000-0000-0000-0000-000000000009','00000000-0000-0000-0000-000000000009','2026-06-10 19:00:00','Delivered','UPI',490,20,18,30,518,'Bangalore','PIZZA20'),
('10000000-0000-0000-0000-000000000010','00000000-0000-0000-0000-000000000010','2026-06-11 19:00:00','Delivered','UPI',500,20,18,30,528,'Bangalore','PIZZA20'),
('10000000-0000-0000-0000-000000000011','00000000-0000-0000-0000-000000000011','2026-06-12 19:00:00','Delivered','UPI',510,20,18,30,538,'Bangalore','PIZZA20'),
('10000000-0000-0000-0000-000000000012','00000000-0000-0000-0000-000000000012','2026-06-13 19:00:00','Delivered','UPI',520,20,18,30,548,'Bangalore','PIZZA20'),
('10000000-0000-0000-0000-000000000013','00000000-0000-0000-0000-000000000013','2026-06-14 19:00:00','Delivered','UPI',530,20,18,30,558,'Bangalore','PIZZA20'),
('10000000-0000-0000-0000-000000000014','00000000-0000-0000-0000-000000000014','2026-06-15 19:00:00','Delivered','UPI',540,20,18,30,568,'Bangalore','PIZZA20'),
('10000000-0000-0000-0000-000000000015','00000000-0000-0000-0000-000000000015','2026-06-16 19:00:00','Delivered','UPI',550,20,18,30,578,'Bangalore','PIZZA20'),
('10000000-0000-0000-0000-000000000016','00000000-0000-0000-0000-000000000016','2026-06-17 19:00:00','Delivered','UPI',560,20,18,30,588,'Bangalore','PIZZA20'),
('10000000-0000-0000-0000-000000000017','00000000-0000-0000-0000-000000000017','2026-06-18 19:00:00','Delivered','UPI',570,20,18,30,598,'Bangalore','PIZZA20'),
('10000000-0000-0000-0000-000000000018','00000000-0000-0000-0000-000000000018','2026-06-19 19:00:00','Delivered','UPI',580,20,18,30,608,'Bangalore','PIZZA20'),
('10000000-0000-0000-0000-000000000019','00000000-0000-0000-0000-000000000019','2026-06-20 19:00:00','Delivered','UPI',590,20,18,30,618,'Bangalore','PIZZA20'),
('10000000-0000-0000-0000-000000000020','00000000-0000-0000-0000-000000000020','2026-06-21 19:00:00','Delivered','UPI',600,20,18,30,628,'Bangalore','PIZZA20');

-- CUSTOMER_ACTIVITY DATA
INSERT INTO slicematic.customer_activity VALUES
('20000000-0000-0000-0000-000000000001','00000000-0000-0000-0000-000000000001','Search','2026-06-02 18:00:00','Pizza',2,'Mobile'),
('20000000-0000-0000-0000-000000000002','00000000-0000-0000-0000-000000000002','Add_To_Cart','2026-06-03 18:00:00','Pizza',3,'Mobile'),
('20000000-0000-0000-0000-000000000003','00000000-0000-0000-0000-000000000003','Purchase','2026-06-04 18:00:00','Pizza',4,'Mobile'),
('20000000-0000-0000-0000-000000000004','00000000-0000-0000-0000-000000000004','View','2026-06-05 18:00:00','Pizza',5,'Mobile'),
('20000000-0000-0000-0000-000000000005','00000000-0000-0000-0000-000000000005','Search','2026-06-06 18:00:00','Pizza',6,'Mobile'),
('20000000-0000-0000-0000-000000000006','00000000-0000-0000-0000-000000000006','Add_To_Cart','2026-06-07 18:00:00','Pizza',7,'Mobile'),
('20000000-0000-0000-0000-000000000007','00000000-0000-0000-0000-000000000007','Purchase','2026-06-08 18:00:00','Pizza',8,'Mobile'),
('20000000-0000-0000-0000-000000000008','00000000-0000-0000-0000-000000000008','View','2026-06-09 18:00:00','Pizza',1,'Mobile'),
('20000000-0000-0000-0000-000000000009','00000000-0000-0000-0000-000000000009','Search','2026-06-10 18:00:00','Pizza',2,'Mobile'),
('20000000-0000-0000-0000-000000000010','00000000-0000-0000-0000-000000000010','Add_To_Cart','2026-06-11 18:00:00','Pizza',3,'Mobile'),
('20000000-0000-0000-0000-000000000011','00000000-0000-0000-0000-000000000011','Purchase','2026-06-12 18:00:00','Pizza',4,'Mobile'),
('20000000-0000-0000-0000-000000000012','00000000-0000-0000-0000-000000000012','View','2026-06-13 18:00:00','Pizza',5,'Mobile'),
('20000000-0000-0000-0000-000000000013','00000000-0000-0000-0000-000000000013','Search','2026-06-14 18:00:00','Pizza',6,'Mobile'),
('20000000-0000-0000-0000-000000000014','00000000-0000-0000-0000-000000000014','Add_To_Cart','2026-06-15 18:00:00','Pizza',7,'Mobile'),
('20000000-0000-0000-0000-000000000015','00000000-0000-0000-0000-000000000015','Purchase','2026-06-16 18:00:00','Pizza',8,'Mobile'),
('20000000-0000-0000-0000-000000000016','00000000-0000-0000-0000-000000000016','View','2026-06-17 18:00:00','Pizza',1,'Mobile'),
('20000000-0000-0000-0000-000000000017','00000000-0000-0000-0000-000000000017','Search','2026-06-18 18:00:00','Pizza',2,'Mobile'),
('20000000-0000-0000-0000-000000000018','00000000-0000-0000-0000-000000000018','Add_To_Cart','2026-06-19 18:00:00','Pizza',3,'Mobile'),
('20000000-0000-0000-0000-000000000019','00000000-0000-0000-0000-000000000019','Purchase','2026-06-20 18:00:00','Pizza',4,'Mobile'),
('20000000-0000-0000-0000-000000000020','00000000-0000-0000-0000-000000000020','View','2026-06-21 18:00:00','Pizza',5,'Mobile');

-- ORDER_ITEM DATA
INSERT INTO slicematic.order_item VALUES
('30000000-0000-0000-0000-000000000001','10000000-0000-0000-0000-000000000001',2,2,1,159,309,455),
('30000000-0000-0000-0000-000000000002','10000000-0000-0000-0000-000000000002',3,3,1,169,319,460),
('30000000-0000-0000-0000-000000000003','10000000-0000-0000-0000-000000000003',4,4,1,179,329,465),
('30000000-0000-0000-0000-000000000004','10000000-0000-0000-0000-000000000004',5,5,1,189,339,470),
('30000000-0000-0000-0000-000000000005','10000000-0000-0000-0000-000000000005',6,1,1,149,349,475),
('30000000-0000-0000-0000-000000000006','10000000-0000-0000-0000-000000000006',7,2,1,159,359,480),
('30000000-0000-0000-0000-000000000007','10000000-0000-0000-0000-000000000007',8,3,1,169,369,485),
('30000000-0000-0000-0000-000000000008','10000000-0000-0000-0000-000000000008',1,4,1,179,299,490),
('30000000-0000-0000-0000-000000000009','10000000-0000-0000-0000-000000000009',2,5,1,189,309,495),
('30000000-0000-0000-0000-000000000010','10000000-0000-0000-0000-000000000010',3,1,1,149,319,500),
('30000000-0000-0000-0000-000000000011','10000000-0000-0000-0000-000000000011',4,2,1,159,329,505),
('30000000-0000-0000-0000-000000000012','10000000-0000-0000-0000-000000000012',5,3,1,169,339,510),
('30000000-0000-0000-0000-000000000013','10000000-0000-0000-0000-000000000013',6,4,1,179,349,515),
('30000000-0000-0000-0000-000000000014','10000000-0000-0000-0000-000000000014',7,5,1,189,359,520),
('30000000-0000-0000-0000-000000000015','10000000-0000-0000-0000-000000000015',8,1,1,149,369,525),
('30000000-0000-0000-0000-000000000016','10000000-0000-0000-0000-000000000016',1,2,1,159,299,530),
('30000000-0000-0000-0000-000000000017','10000000-0000-0000-0000-000000000017',2,3,1,169,309,535),
('30000000-0000-0000-0000-000000000018','10000000-0000-0000-0000-000000000018',3,4,1,179,319,540),
('30000000-0000-0000-0000-000000000019','10000000-0000-0000-0000-000000000019',4,5,1,189,329,545),
('30000000-0000-0000-0000-000000000020','10000000-0000-0000-0000-000000000020',5,1,1,149,339,550);

-- ORDER_ITEM_TOPPING DATA
INSERT INTO slicematic.order_item_topping VALUES
('30000000-0000-0000-0000-000000000001',2,49),
('30000000-0000-0000-0000-000000000002',3,59),
('30000000-0000-0000-0000-000000000003',4,69),
('30000000-0000-0000-0000-000000000004',5,39),
('30000000-0000-0000-0000-000000000005',6,49),
('30000000-0000-0000-0000-000000000006',7,59),
('30000000-0000-0000-0000-000000000007',8,69),
('30000000-0000-0000-0000-000000000008',9,39),
('30000000-0000-0000-0000-000000000009',10,49),
('30000000-0000-0000-0000-000000000010',1,59),
('30000000-0000-0000-0000-000000000011',2,69),
('30000000-0000-0000-0000-000000000012',3,39),
('30000000-0000-0000-0000-000000000013',4,49),
('30000000-0000-0000-0000-000000000014',5,59),
('30000000-0000-0000-0000-000000000015',6,69),
('30000000-0000-0000-0000-000000000016',7,39),
('30000000-0000-0000-0000-000000000017',8,49),
('30000000-0000-0000-0000-000000000018',9,59),
('30000000-0000-0000-0000-000000000019',10,69),
('30000000-0000-0000-0000-000000000020',1,39);

-- CUSTOMER_PREFERENCE DATA
INSERT INTO slicematic.customer_preference VALUES
('40000000-0000-0000-0000-000000000001','00000000-0000-0000-0000-000000000001',2,2,2,8.5,'2026-06-20 10:00:00'),
('40000000-0000-0000-0000-000000000002','00000000-0000-0000-0000-000000000002',3,3,3,9.5,'2026-06-20 10:00:00'),
('40000000-0000-0000-0000-000000000003','00000000-0000-0000-0000-000000000003',4,4,4,7.5,'2026-06-20 10:00:00'),
('40000000-0000-0000-0000-000000000004','00000000-0000-0000-0000-000000000004',5,5,5,8.5,'2026-06-20 10:00:00'),
('40000000-0000-0000-0000-000000000005','00000000-0000-0000-0000-000000000005',1,6,6,9.5,'2026-06-20 10:00:00'),
('40000000-0000-0000-0000-000000000006','00000000-0000-0000-0000-000000000006',2,7,7,7.5,'2026-06-20 10:00:00'),
('40000000-0000-0000-0000-000000000007','00000000-0000-0000-0000-000000000007',3,8,8,8.5,'2026-06-20 10:00:00'),
('40000000-0000-0000-0000-000000000008','00000000-0000-0000-0000-000000000008',4,1,9,9.5,'2026-06-20 10:00:00'),
('40000000-0000-0000-0000-000000000009','00000000-0000-0000-0000-000000000009',5,2,10,7.5,'2026-06-20 10:00:00'),
('40000000-0000-0000-0000-000000000010','00000000-0000-0000-0000-000000000010',1,3,1,8.5,'2026-06-20 10:00:00'),
('40000000-0000-0000-0000-000000000011','00000000-0000-0000-0000-000000000011',2,4,2,9.5,'2026-06-20 10:00:00'),
('40000000-0000-0000-0000-000000000012','00000000-0000-0000-0000-000000000012',3,5,3,7.5,'2026-06-20 10:00:00'),
('40000000-0000-0000-0000-000000000013','00000000-0000-0000-0000-000000000013',4,6,4,8.5,'2026-06-20 10:00:00'),
('40000000-0000-0000-0000-000000000014','00000000-0000-0000-0000-000000000014',5,7,5,9.5,'2026-06-20 10:00:00'),
('40000000-0000-0000-0000-000000000015','00000000-0000-0000-0000-000000000015',1,8,6,7.5,'2026-06-20 10:00:00'),
('40000000-0000-0000-0000-000000000016','00000000-0000-0000-0000-000000000016',2,1,7,8.5,'2026-06-20 10:00:00'),
('40000000-0000-0000-0000-000000000017','00000000-0000-0000-0000-000000000017',3,2,8,9.5,'2026-06-20 10:00:00'),
('40000000-0000-0000-0000-000000000018','00000000-0000-0000-0000-000000000018',4,3,9,7.5,'2026-06-20 10:00:00'),
('40000000-0000-0000-0000-000000000019','00000000-0000-0000-0000-000000000019',5,4,10,8.5,'2026-06-20 10:00:00'),
('40000000-0000-0000-0000-000000000020','00000000-0000-0000-0000-000000000020',1,5,1,9.5,'2026-06-20 10:00:00');

-- RECOMMENDATION_EVENT DATA
INSERT INTO slicematic.recommendation_event VALUES
('50000000-0000-0000-0000-000000000001','00000000-0000-0000-0000-000000000001','TOPPING',2,0.8001,'2026-06-21 12:00:00','Clicked'),
('50000000-0000-0000-0000-000000000002','00000000-0000-0000-0000-000000000002','TOPPING',3,0.8002,'2026-06-21 12:00:00','Added_To_Cart'),
('50000000-0000-0000-0000-000000000003','00000000-0000-0000-0000-000000000003','TOPPING',4,0.8003,'2026-06-21 12:00:00','Purchased'),
('50000000-0000-0000-0000-000000000004','00000000-0000-0000-0000-000000000004','TOPPING',5,0.8004,'2026-06-21 12:00:00','Ignored'),
('50000000-0000-0000-0000-000000000005','00000000-0000-0000-0000-000000000005','TOPPING',6,0.8005,'2026-06-21 12:00:00','Shown'),
('50000000-0000-0000-0000-000000000006','00000000-0000-0000-0000-000000000006','TOPPING',7,0.8006,'2026-06-21 12:00:00','Clicked'),
('50000000-0000-0000-0000-000000000007','00000000-0000-0000-0000-000000000007','TOPPING',8,0.8007,'2026-06-21 12:00:00','Added_To_Cart'),
('50000000-0000-0000-0000-000000000008','00000000-0000-0000-0000-000000000008','TOPPING',9,0.8008,'2026-06-21 12:00:00','Purchased'),
('50000000-0000-0000-0000-000000000009','00000000-0000-0000-0000-000000000009','TOPPING',10,0.8009,'2026-06-21 12:00:00','Ignored'),
('50000000-0000-0000-0000-000000000010','00000000-0000-0000-0000-000000000010','TOPPING',1,0.8010,'2026-06-21 12:00:00','Shown'),
('50000000-0000-0000-0000-000000000011','00000000-0000-0000-0000-000000000011','TOPPING',2,0.8011,'2026-06-21 12:00:00','Clicked'),
('50000000-0000-0000-0000-000000000012','00000000-0000-0000-0000-000000000012','TOPPING',3,0.8012,'2026-06-21 12:00:00','Added_To_Cart'),
('50000000-0000-0000-0000-000000000013','00000000-0000-0000-0000-000000000013','TOPPING',4,0.8013,'2026-06-21 12:00:00','Purchased'),
('50000000-0000-0000-0000-000000000014','00000000-0000-0000-0000-000000000014','TOPPING',5,0.8014,'2026-06-21 12:00:00','Ignored'),
('50000000-0000-0000-0000-000000000015','00000000-0000-0000-0000-000000000015','TOPPING',6,0.8015,'2026-06-21 12:00:00','Shown'),
('50000000-0000-0000-0000-000000000016','00000000-0000-0000-0000-000000000016','TOPPING',7,0.8016,'2026-06-21 12:00:00','Clicked'),
('50000000-0000-0000-0000-000000000017','00000000-0000-0000-0000-000000000017','TOPPING',8,0.8017,'2026-06-21 12:00:00','Added_To_Cart'),
('50000000-0000-0000-0000-000000000018','00000000-0000-0000-0000-000000000018','TOPPING',9,0.8018,'2026-06-21 12:00:00','Purchased'),
('50000000-0000-0000-0000-000000000019','00000000-0000-0000-0000-000000000019','TOPPING',10,0.8019,'2026-06-21 12:00:00','Ignored'),
('50000000-0000-0000-0000-000000000020','00000000-0000-0000-0000-000000000020','TOPPING',1,0.8020,'2026-06-21 12:00:00','Shown');

-- DAILY_SALES_FACT DATA
INSERT INTO slicematic.daily_sales_fact VALUES
('2026-06-01',2,101,121,51000),
('2026-06-02',3,102,122,52000),
('2026-06-03',4,103,123,53000),
('2026-06-04',5,104,124,54000),
('2026-06-05',6,105,125,55000),
('2026-06-06',7,106,126,56000),
('2026-06-07',8,107,127,57000),
('2026-06-08',1,108,128,58000),
('2026-06-09',2,109,129,59000),
('2026-06-10',3,110,130,60000),
('2026-06-11',4,111,131,61000),
('2026-06-12',5,112,132,62000),
('2026-06-13',6,113,133,63000),
('2026-06-14',7,114,134,64000),
('2026-06-15',8,115,135,65000),
('2026-06-16',1,116,136,66000),
('2026-06-17',2,117,137,67000),
('2026-06-18',3,118,138,68000),
('2026-06-19',4,119,139,69000),
('2026-06-20',5,120,140,70000);